<?xml version="1.0" encoding="utf-8"?>

<web-app
	 xmlns="http://java.sun.com/xml/ns/j2ee"
	 version="2.4"
	 xmlns:xsi="http://www.w3.org/2001/XMLSchema-instance"
	 xsi:schemaLocation="http://java.sun.com/xml/ns/j2ee http://java.sun.com/xml/ns/j2ee/web-app_2_4.xsd">

    <display-name>Eclipse BIRT Report Viewer</display-name>

	<!-- Default locale setting -->
	<context-param>
		<param-name>BIRT_VIEWER_LOCALE</param-name>
		<param-value>en-US</param-value>
	</context-param>

	<!-- 
		Default timezone setting.
		Examples: "Europe/Paris", "GMT+1".
		Defaults to the container's timezone.		
	 -->
	<context-param>
		<param-name>BIRT_VIEWER_TIMEZONE</param-name>
		<param-value></param-value>
	</context-param>
	
	<!-- Report resources directory for preview. Default to ${birt home} -->
	<context-param>
		<param-name>BIRT_VIEWER_WORKING_FOLDER</param-name>
		<param-value></param-value>
	</context-param>
	
	<!-- The generated document files directory. Default to ${birt home}/documents -->	
	<context-param>
		<param-name>BIRT_VIEWER_DOCUMENT_FOLDER</param-name>
		<param-value>${birt.viewer.working.path}/documents</param-value>
	</context-param>

	<!-- If only access the reprot resources under working folder. Default is false -->
	<context-param>
		<param-name>WORKING_FOLDER_ACCESS_ONLY</param-name>
		<param-value>false</param-value>
	</context-param>

	<!-- Output image/chart directory. Default to ${birt home}/report/images -->
	<context-param>
		<param-name>BIRT_VIEWER_IMAGE_DIR</param-name>
		<param-value>${birt.viewer.working.path}/report/images</param-value>
	</context-param>

	<!-- Engine log directory. Default to ${birt home}/logs -->
	<context-param>
		<param-name>BIRT_VIEWER_LOG_DIR</param-name>
		<param-value>${birt.viewer.working.path}/logs</param-value>
	</context-param>

	<!-- Report engine log level -->
	<context-param>
		<param-name>BIRT_VIEWER_LOG_LEVEL</param-name>
		<param-value>WARNING</param-value>
	</context-param>

	<!-- Directory to store all birt report script libraries (JARs). Default to ${birt home}/scriptlib -->
	<context-param>
		<param-name>BIRT_VIEWER_SCRIPTLIB_DIR</param-name>
		<param-value></param-value>
	</context-param>
	
	<!-- Resource location directory. Default to ${birt home} -->
	<context-param>
		<param-name>BIRT_RESOURCE_PATH</param-name>
		<param-value></param-value>
	</context-param>

	<!-- Preview report max rows limited. -->
	<context-param>
		<param-name>BIRT_VIEWER_MAX_ROWS</param-name>
		<param-value></param-value>
	</context-param>

	<!-- Preview report max cube fetch levels limited. (Only support to preview a report design file using preview pattern.)-->
	<context-param>
		<param-name>BIRT_VIEWER_MAX_CUBE_ROWLEVELS</param-name>
		<param-value></param-value>
	</context-param>
	<context-param>
		<param-name>BIRT_VIEWER_MAX_CUBE_COLUMNLEVELS</param-name>
		<param-value></param-value>
	</context-param>

	<!-- Memory size(MB) for creating cube. -->
	<context-param>
		<param-name>BIRT_VIEWER_CUBE_MEMORY_SIZE</param-name>
		<param-value></param-value>
	</context-param>
	
	<!-- If always overwrite generated document file.For designer,defalult to false -->
	<context-param>
		<param-name>BIRT_OVERWRITE_DOCUMENT</param-name>
		<param-value>false</param-value>
	</context-param>

	<!-- Define BIRT viewer configuration file -->
	<context-param>
		<param-name>BIRT_VIEWER_CONFIG_FILE</param-name>
		<param-value>WEB-INF/viewer.properties</param-value>
	</context-param>

	<!-- If turn on the function that supports print on the server side. Default to on. -->
	<context-param>
		<param-name>BIRT_VIEWER_PRINT_SERVERSIDE</param-name>
		<param-value>ON</param-value>
	</context-param>

	<!-- If force optimized HTML output. Default to true -->
	<context-param>
		<param-name>HTML_ENABLE_AGENTSTYLE_ENGINE</param-name>
		<param-value>true</param-value>
	</context-param>

	<!-- Viewer Filter.Currently, set request character encoding to UTF-8. -->
	<filter>
    	<filter-name>ViewerFilter</filter-name>
        <filter-class>org.eclipse.birt.report.filter.ViewerFilter</filter-class>
	</filter>
    <filter-mapping>
        <filter-name>ViewerFilter</filter-name>
        <servlet-name>ViewerServlet</servlet-name>
    </filter-mapping>
    <filter-mapping>
        <filter-name>ViewerFilter</filter-name>
        <servlet-name>EngineServlet</servlet-name>
    </filter-mapping>
    				
	<!-- Viewer Servlet Context Listener -->
	<listener>
		<listener-class>org.eclipse.birt.report.listener.ViewerServletContextListener</listener-class>
	</listener>

	<!-- Viewer HttpSession Listener -->
	<listener>
		<listener-class>org.eclipse.birt.report.listener.ViewerHttpSessionListener</listener-class>
	</listener>
	
	<!-- Viewer Servlet, Support SOAP -->	
	<servlet>
		<servlet-name>ViewerServlet</servlet-name>
		<servlet-class>org.eclipse.birt.report.servlet.ViewerServlet</servlet-class>
	</servlet>

	<!-- Engine Serlvet -->
	<servlet>
		<servlet-name>EngineServlet</servlet-name>
		<servlet-class>org.eclipse.birt.report.servlet.BirtEngineServlet</servlet-class>
	</servlet>

	@generated@
	
	<servlet-mapping>
		<servlet-name>ViewerServlet</servlet-name>
		<url-pattern>/frameset</url-pattern>
	</servlet-mapping>
	
	<servlet-mapping>
		<servlet-name>ViewerServlet</servlet-name>
		<url-pattern>/run</url-pattern>
	</servlet-mapping>
	
	<servlet-mapping>
		<servlet-name>EngineServlet</servlet-name>
		<url-pattern>/preview</url-pattern>
	</servlet-mapping>

	<servlet-mapping>
		<servlet-name>EngineServlet</servlet-name>
		<url-pattern>/download</url-pattern>
	</servlet-mapping>

	<servlet-mapping>
		<servlet-name>EngineServlet</servlet-name>
		<url-pattern>/parameter</url-pattern>
	</servlet-mapping>	

	<servlet-mapping>
		<servlet-name>EngineServlet</servlet-name>
		<url-pattern>/document</url-pattern>
	</servlet-mapping>	

	<servlet-mapping>
		<servlet-name>EngineServlet</servlet-name>
		<url-pattern>/output</url-pattern>
	</servlet-mapping>	

	<servlet-mapping>
		<servlet-name>EngineServlet</servlet-name>
		<url-pattern>/extract</url-pattern>
	</servlet-mapping>
		
	<jsp-config>
		<taglib>
			<taglib-uri>/birt.tld</taglib-uri>
			<taglib-location>/WEB-INF/tlds/birt.tld</taglib-location>
		</taglib>
	</jsp-config>		
</web-app>
