<?xml version="1.0" encoding="UTF-8"?>
<ejb-jar id="ejb-jar_ID" version="2.1" xmlns="http://java.sun.com/xml/ns/j2ee" xmlns:xsi="http://www.w3.org/2001/XMLSchema-instance" xsi:schemaLocation="http://java.sun.com/xml/ns/j2ee http://java.sun.com/xml/ns/j2ee/ejb-jar_2_1.xsd">
	<display-name>OPE Session Bean</display-name>
	<enterprise-beans>
		<session id="OPESessionBean">
			<display-name>OPE-SessionBean</display-name>
			<!--The OPE stateless session bean used for communication between OPE-FTP and PATU-LOGIC-->
			<ejb-name>OPEGateway</ejb-name>
			<home>com.ope.patu.ejb.server.OpeEjbHome</home>
			<remote>com.ope.patu.ejb.server.OpeEjbRemote</remote>
			<ejb-class>com.ope.patu.ejb.server.OpeEjbBean</ejb-class>
			<session-type>Stateless</session-type>
			<transaction-type>Container</transaction-type>
		</session>
	</enterprise-beans>
	<assembly-descriptor></assembly-descriptor>
</ejb-jar>