<?xml version="1.0" encoding="UTF-8"?>

<beans xmlns="http://www.springframework.org/schema/beans"
       xmlns:xsi="http://www.w3.org/2001/XMLSchema-instance"
       xsi:schemaLocation="http://www.springframework.org/schema/beans http://www.springframework.org/schema/beans/spring-beans-2.0.xsd">


<!-- Example
  <bean id="acegiUserDAO" class="com.coldcore.coloradoftp.plugin.gateway.dao.acegi.ExternalAcegiUserDAO">
    <constructor-arg index="0" value="conf/acegi-conf.xml"/>
  </bean>
-->

<!-- Example
  <bean id="acegiUserDAO" class="com.coldcore.coloradoftp.plugin.gateway.dao.acegi.AcegiUserDAO">
    <property name="authenticationManager" ref="authenticationManager" />
    <property name="allowedUserRoles" ref="allowedUserRoles"/>
  </bean>
-->


  <!-- Core objects -->

  <bean id="allowedUserRoles" class="java.util.HashSet">
    <constructor-arg index="0">
      <set>
        <value>ROLE_ADMIN</value>
        <value>ROLE_EMPLOYEE</value>
      </set>
    </constructor-arg>
  </bean>

  <bean id="authenticationManager" class="org.acegisecurity.providers.ProviderManager">
    <property name="providers">
      <list>
        <ref local="daoAuthenticationProvider"/>
        <!--<ref local="ldapAuthenticationProvider"/>-->
      </list>
    </property>
  </bean>


  <!-- DAO authentication -->

  <bean id="daoAuthenticationProvider" class="org.acegisecurity.providers.dao.DaoAuthenticationProvider">
    <property name="userDetailsService" ref="inMemoryDaoImpl"/>
  </bean>


  <!-- In-memory DAO -->

  <bean id="inMemoryDaoImpl" class="org.acegisecurity.userdetails.memory.InMemoryDaoImpl">
    <property name="userMap">
      <value>
        admin=admin896,ROLE_EMPLOYEE,ROLE_ADMIN
        root=trustNo1,ROLE_ADMIN
        ember=MyPass,ROLE_EMPLOYEE
        comrad=cyrillic,ROLE_EMPLOYEE
        mayday=sOsOs,disabled,ROLE_EMPLOYEE
      </value>
    </property>
  </bean>


  <!-- JDBC DAO -->

  <bean id="jdbcDaoImpl" class="org.acegisecurity.userdetails.jdbc.JdbcDaoImpl">
    <property name="dataSource" ref="jdbcDataSource" />
  </bean>

  <bean id="jdbcDataSource" class="org.springframework.jdbc.datasource.DriverManagerDataSource">
    <property name="driverClassName" value ="org.hsqldb.jdbcDriver" />
    <property name="url" value="jdbc:hsqldb:hsql://localhost:9001" />
    <property name="username" value="sa" />
    <property name="password" value="" />
  </bean>


  <!-- LDAP authentication -->

  <bean id="ldapAuthenticationProvider" class="org.acegisecurity.providers.ldap.LdapAuthenticationProvider">
    <constructor-arg>
      <bean class="org.acegisecurity.providers.ldap.authenticator.BindAuthenticator">
        <constructor-arg ref="initialDirContextFactory" />
        <property name="userDnPatterns">
          <list>
            <value>uid={0},ou=people</value>
          </list>
        </property>
      </bean>
    </constructor-arg>
    <constructor-arg>
      <bean class="org.acegisecurity.providers.ldap.populator.DefaultLdapAuthoritiesPopulator">
        <constructor-arg ref="initialDirContextFactory" />
        <constructor-arg value="ou=groups" />
        <property name="groupRoleAttribute" value="ou" />
      </bean>
    </constructor-arg>
  </bean>

  <bean id="initialDirContextFactory" class="org.acegisecurity.providers.ldap.DefaultInitialDirContextFactory">
    <constructor-arg value="ldap://monkeymachine:389/dc=acegisecurity,dc=org" />
    <property name="managerDn" value="cn=manager,dc=acegisecurity,dc=org" />
    <property name="managerPassword" value="password" />
  </bean>


  <!-- Other -->

</beans>
